Datum,Dag,Workout,AI Coach Advies
12-02-2026,Donderdag,Ingrid loves Grettel | 10 rounds | 3 snatches 60/42.5kg | 3 clean and jerks | 6 barfacing burpees | timecap 18min,ğŸ”¥ **Focus:** Maximale efficiÃ«ntie en snelheid bij de complexe lifts.   ğŸ’¡ **Strategie:** Focus op een constante ademhaling en gebruik de burpees om je te recupereren tussen de lifts door.   ğŸ©¹ **Tip:** Zorg voor een goede warming-up van de schouders en heupen om blessures te voorkomen.
12-02-2026,Donderdag,Ingrid loves Grettel | 10 rounds | 3 snatches 60/42.5kg | 3 clean and jerks | 6 barfacing burpees | timecap 18min,"ğŸ”¥ **Focus:** De nadruk ligt op het behouden van een constante en efficiÃ«nte techniek bij snatches en clean and jerks, terwijl je het tempo tijdens de burpees hoog houdt.   ğŸ’¡ **Strategie:** Plan je round-tijden en neem korte pauzes na de burpees om je hartslag te stabiliseren voordat je aan de volgende ronde begint.   ğŸ©¹ **Tip:** Begin met een licht gewicht voor de snatches en clean and jerks om snel in een ritme te komen, en verhoog de intensiteit zodra je je comfortabel voelt."
13-02-2026,Vrijdag,Randy is in love with Nancy | 5 rounds | 400m run | 15 overhead squats 35/25kg | 15 snatches | timecap 30min,"ğŸ”¥ **Focus:** Zorg ervoor dat je je vorm behoudt tijdens de overhead squats en snatches om blessures te voorkomen.   ğŸ’¡ **Strategie:** Begin met een gecontroleerd tempo tijdens de run, zodat je voldoende energie hebt voor de kracht- en techniekgeoriÃ«nteerde onderdelen van de workout.   ğŸ©¹ **Tip:** Verdeel je overhead squats en snatches in sets als je merkt dat je vorm begint af te nemen, om de reps consistent af te ronden zonder omstreden technieken te gebruiken."
13-02-2026,Vrijdag,Randy is in love with Nancy | 5 rounds | 400m run | 15 overhead squats 35/25kg | 15 snatches | timecap 30min,"ğŸ”¥ **Focus:** Zorg ervoor dat Randy zijn techniek bij de overhead squats en snatches goed beheerst, zodat hij blessures voorkomt en efficiÃ«nt kan bewegen.  ğŸ’¡ **Strategie:** Plan de runs en de krachttraining zo dat hij frisse benen heeft voor de overhead squats, mogelijk door de snatches als eerste af te ronden en pauzes in te lassen indien nodig.  ğŸ©¹ **Tip:** Moedig Randy aan om tijdens de overhead squats de ademhaling onder controle te houden en de kern actief te gebruiken voor stabiliteit, wat zijn prestaties en uithoudingsvermogen ten goede zal komen."
13-02-2026,Vrijdag,Randy is in love with Nancy | 5 rounds | 400m run | 15 overhead squats 35/25kg | 15 snatches | timecap 30min,"ğŸ”¥ **Focus:** Zorg ervoor dat je je snelheid bij het hardlopen behoudt, want dit is een belangrijke factor voor je totale tijd.   ğŸ’¡ **Strategie:** Verdeeld de overhead squats en snatches in mini-sets als je merkt dat je vorm begint af te nemen, zodat je efficiÃ«nt blijft bewegen.   ğŸ©¹ **Tip:** Vergeet niet om goed te ademen tijdens de overhead squats en snatches; dat helpt je om je stabiliteit en kracht te behouden."
13-02-2026,Vrijdag,Randy is in love with Nancy | 5 rounds | 400m run | 15 overhead squats 35/25kg | 15 snatches | timecap 30min,"ğŸ”¥ **Focus:** Zorg dat je je energie goed verdeelt over de 5 rondes, zodat je niet te vroeg uitgeput raakt.  ğŸ’¡ **Strategie:** Begin met een stevig tempo tijdens het hardlopen, maar reserveer voldoende kracht voor de overhead squats en snatches.  ğŸ©¹ **Tip:** Gebruik een lichte grip en focus op techniek bij de overhead squats en snatches, om blessures te voorkomen en je efficiÃ«ntie te maximaliseren."
13-02-2026,Vrijdag,Randy is in love with Nancy | 5 rounds | 400m run | 15 overhead squats 35/25kg | 15 snatches | timecap 30min,ğŸ”¥ **Focus:** Randy moet zijn energie efficiÃ«nt beheren om de running en de gewichtheffen in elke ronde aan te kunnen.   ğŸ’¡ **Strategie:** Begin met een gecontroleerde snelheid tijdens de run en gebruik een pauze tussen de oefeningen om de techniek van de overhead squats en snatches te waarborgen.   ğŸ©¹ **Tip:** Houd je core actief tijdens de lifts en zorg ervoor dat je de gewichten correct opwarmt om blessures te voorkomen.
13-02-2026,Vrijdag,Randy is in love with Nancy | 5 rounds | 400m run | 15 overhead squats 35/25kg | 15 snatches | timecap 30min,"ğŸ”¥ **Focus:** Zorg ervoor dat de pacing tijdens de 400m run consistent is, zodat je voldoende energie overhoudt voor de zware lifts.   ğŸ’¡ **Strategie:** Start met een iets langzamere run om je vermogen voor de overhead squats en snatches te maximaliseren tijdens de latere rondes.   ğŸ©¹ **Tip:** Controleer je techniek bij de overhead squats en snatches, vooral als je moe begint te worden; dit kan blessures voorkomen en je tijd verbeteren."
13-02-2026,Vrijdag,Randy is in love with Nancy | 5 rounds | 400m run | 15 overhead squats 35/25kg | 15 snatches | timecap 30min,"ğŸ”¥ **Focus:** Zorg ervoor dat Randy zijn techniek behoudt tijdens de overhead squats en snatches, vooral na de runs.   ğŸ’¡ **Strategie:** Begin met een gematigd tempo tijdens de 400m runs, zodat hij zijn energie conserveert voor de krachtigere onderdelen van de workout.   ğŸ©¹ **Tip:** Moedig Randy aan om de overhead squats in sets van 5 uit te voeren als hij moe wordt, en pas zijn grip aan voor de snatches om de belasting op zijn schouders te verminderen."
13-02-2026,Vrijdag,Randy is in love with Nancy | 5 rounds | 400m run | 15 overhead squats 35/25kg | 15 snatches | timecap 30min,"ğŸ”¥ **Focus:** Zorg voor een sterke, stabiele overhead positie tijdens de squats.   ğŸ’¡ **Strategie:** Pace je runs en breek de overhead squats en snatches op in behapbare sets om vermoeidheid te voorkomen.   ğŸ©¹ **Tip:** Adem goed door je buik en houd je core aangespannen tijdens de bewegingen voor betere stabiliteit.  "
13-02-2026,Vrijdag,Randy is in love with Nancy | 5 rounds | 400m run | 15 overhead squats 35/25kg | 15 snatches | timecap 30min,ğŸ”¥ **Focus:** Zorg voor goede stabiliteit en diepte tijdens de overhead squats.   ğŸ’¡ **Strategie:** Start je run op een comfortabel tempo en verdeel de squats en snatches in manageable sets.   ğŸ©¹ **Tip:** Adem in bij het voorbereiden voor de beweging en adem uit bij het overhead drukken.  
13-02-2026,Vrijdag,Randy is in love with Nancy | 5 rounds | 400m run | 15 overhead squats 35/25kg | 15 snatches | timecap 30min,ğŸ”¥ **Focus:** Zorg ervoor dat je je techniek optimaal blijft houden tijdens de overhead squats en snatches.   ğŸ’¡ **Strategie:** Verdeel de overhead squats in sets van 5 of 10 om moeheid te voorkomen en je tempo te houden.   ğŸ©¹ **Tip:** Adem diep in voordat je elke snatch begint en laat je adem langzaam los tijdens de lift voor stabiliteit.
13-02-2026,Vrijdag,Randy is in love with Nancy | 5 rounds | 400m run | 15 overhead squats 35/25kg | 15 snatches | timecap 30min,ğŸ”¥ **Focus:** Zorg voor een sterke core en goede houding tijdens de overhead squats.   ğŸ’¡ **Strategie:** Start je runs stevig maar behoud je energie voor de squats en snatches.   ğŸ©¹ **Tip:** Adem uit tijdens de krachtigste delen van de lifts om stabiliteit te behouden.
13-02-2026,Vrijdag,Randy is in love with Nancy | 5 rounds | 400m run | 15 overhead squats 35/25kg | 15 snatches | timecap 30min,ğŸ”¥ **Focus:** Zorg ervoor dat je met een stevige basis staat tijdens de overhead squats.   ğŸ’¡ **Strategie:** Begin rustig aan met de runs en breek de overhead squats en snatches op in kleinere sets als dat nodig is.   ğŸ©¹ **Tip:** Houd je core betrokken tijdens de snatches en gebruik je heupen krachtig voor een efficiÃ«nte lift.
13-02-2026,Vrijdag,Randy is in love with Nancy | 5 rounds | 400m run | 15 overhead squats 35/25kg | 15 snatches | timecap 30min,ğŸ”¥ **Focus:** Zorg voor een sterke core stabiliteit tijdens overhead squats en snatches.   ğŸ’¡ **Strategie:** Begin met een gematigd tempo op de run en breek de overhead squats en snatches in kleinere sets als dat nodig is.   ğŸ©¹ **Tip:** Houd je ademhaling gecontroleerd; inhaleer tijdens de daling van de squat en exhaleer bij het omhoogkomen.  
14-02-2026,Zaterdag,Valentines wod: Helen loves Diane | buddy wod | divide as you want | 400m run (together) | 126 USA kb swings 24/16kg | 90 hspu | 400m run (together) | 90 deadlifts 100/70kg | 72 pull ups | 400m run (together) | timecap 30min,ğŸ”¥ **Focus:** Zorg voor een sterke base bij de deadlifts om rugblessures te voorkomen.   ğŸ’¡ **Strategie:** Deel de HSPU en pull-ups op in beheersbare sets om te voorkomen dat je compleet faalt.   ğŸ©¹ **Tip:** Adem goed uit tijdens de krachten bij de swings en deadlifts voor maximale explosiviteit.  
14-02-2026,Zaterdag,Valentines wod: Helen loves Diane | buddy wod | divide as you want | 400m run (together) | 126 USA kb swings 24/16kg | 90 hspu | 400m run (together) | 90 deadlifts 100/70kg | 72 pull ups | 400m run (together) | timecap 30min,"ğŸ”¥ **Focus:** Houd je techniek scherp, vooral bij de kettlebell swings en deadlifts.   ğŸ’¡ **Strategie:** Verdeel de HSPU en pull-ups in behapbare sets om je energie te sparen.   ğŸ©¹ **Tip:** Adem rustig uit bij het hoogste punt van de beweging tijdens de HSPU om voldoende zuurstof binnen te krijgen."
14-02-2026,Zaterdag,Valentines wod: Helen loves Diane | buddy wod | divide as you want | 400m run (together) | 126 USA kb swings 24/16kg | 90 hspu | 400m run (together) | 90 deadlifts 100/70kg | 72 pull ups | 400m run (together) | timecap 30min,"ğŸ”¥ **Focus:** Zorg ervoor dat je de run efficiÃ«nt uitvoert om je hartslag onder controle te houden.   ğŸ’¡ **Strategie:** Deel de swings en hspu op in haalbare sets, bijvoorbeeld 21-21-18 voor de swings en 30-30-30 voor de hspu.   ğŸ©¹ **Tip:** Houd je core strak tijdens de deadlifts en trek je schouders naar achteren voor een goede houding.  "
14-02-2026,Zaterdag,Valentines wod: Helen loves Diane | buddy wod | divide as you want | 400m run (together) | 126 USA kb swings 24/16kg | 90 hspu | 400m run (together) | 90 deadlifts 100/70kg | 72 pull ups | 400m run (together) | timecap 30min,ğŸ”¥ **Focus:** Zorg voor een goede lichaamshouding bij de USA kettlebell swings en HSPU.   ğŸ’¡ **Strategie:** Verdeel de herhalingen in haalbare sets om vermoeidheid te voorkomen.   ğŸ©¹ **Tip:** Adem uit bij het liftmoment van deadlifts en gebruik je benen effectief.  
14-02-2026,Zaterdag,Valentines wod: Helen loves Diane | buddy wod | divide as you want | 400m run (together) | 126 USA kb swings 24/16kg | 90 hspu | 400m run (together) | 90 deadlifts 100/70kg | 72 pull ups | 400m run (together) | timecap 30min,"ğŸ”¥ **Focus:** Houd je techniek in de gaten, vooral bij de swings en deadlifts, om blessures te voorkomen.   ğŸ’¡ **Strategie:** Verdeel de reps, bijvoorbeeld 10-15 per set voor de hspu en pull-ups, zodat je efficiÃ«nt blijft.   ğŸ©¹ **Tip:** Adem goed in tijdens de concentrische fase en uit tijdens de excentrische, vooral bij de deadlifts en hspu."
14-02-2026,Zaterdag,Valentines wod: Helen loves Diane | buddy wod | divide as you want | 400m run (together) | 126 USA kb swings 24/16kg | 90 hspu | 400m run (together) | 90 deadlifts 100/70kg | 72 pull ups | 400m run (together) | timecap 30min,"ğŸ”¥ **Focus:** Houd een steady pace tijdens de runs en zorg dat je als team samenblijft.   ğŸ’¡ **Strategie:** Verdeel de kettelbell swings en HSPU in kleinere sets om vermoeidheid te verminderen.   ğŸ©¹ **Tip:** Bij deadlifts, hou je rug recht en adem uit bij elke lift voor maximale kracht."
14-02-2026,Zaterdag,Valentines wod: Helen loves Diane | buddy wod | divide as you want | 400m run (together) | 126 USA kb swings 24/16kg | 90 hspu | 400m run (together) | 90 deadlifts 100/70kg | 72 pull ups | 400m run (together) | timecap 30min,"ğŸ”¥ **Focus:** Zorg voor een constante snelheid tijdens de runs om je energie goed te verdelen.   ğŸ’¡ **Strategie:** Deel de kettlebell swings en HSPU in haalbare sets om te voorkomen dat je volledig uitgeteld raakt.   ğŸ©¹ **Tip:** Houd je core strak bij deadlifts en gebruik je ademhaling om kracht te behouden, vooral rond de pull-ups."
14-02-2026,Zaterdag,Valentines wod: Helen loves Diane | buddy wod | divide as you want | 400m run (together) | 126 USA kb swings 24/16kg | 90 hspu | 400m run (together) | 90 deadlifts 100/70kg | 72 pull ups | 400m run (together) | timecap 30min,ğŸ”¥ **Focus:** Zorg voor een sterke en gecontroleerde kracht bij de kettlebell swings en deadlifts.   ğŸ’¡ **Strategie:** Verdeel de HSPU en pull-ups in haalbare sets zodat je niet snel vermoeid raakt.   ğŸ©¹ **Tip:** Houd je core betrokken en adem regelmatig tijdens de zwaarste bewegingen om je stabiliteit te waarborgen.
14-02-2026,Zaterdag,Valentines wod: Helen loves Diane | buddy wod | divide as you want | 400m run (together) | 126 USA kb swings 24/16kg | 90 hspu | 400m run (together) | 90 deadlifts 100/70kg | 72 pull ups | 400m run (together) | timecap 30min,"ğŸ”¥ **Focus:** Zorg voor een sterke basis tijdens je swings en deadlifts om energieverlies te minimaliseren.   ğŸ’¡ **Strategie:** Deel de HSPU's en pull-ups in kleinere sets om uitputting te voorkomen.   ğŸ©¹ **Tip:** Adem uit bij de piek van elke beweging, vooral bij de deadlifts en swings, voor maximale stabiliteit."
14-02-2026,Zaterdag,Valentines wod: Helen loves Diane | buddy wod | divide as you want | 400m run (together) | 126 USA kb swings 24/16kg | 90 hspu | 400m run (together) | 90 deadlifts 100/70kg | 72 pull ups | 400m run (together) | timecap 30min,ğŸ”¥ **Focus:** Zorg ervoor dat je een consistente en snelle looptempo behoudt tijdens de runs.   ğŸ’¡ **Strategie:** Deel de Kettlebell swings en HSPU's op in kleinere sets om spiervermoeidheid te vermijden.   ğŸ©¹ **Tip:** Gebruik de juiste techniek bij de deadlifts en focus op een rechte rug en goede ademhaling.
14-02-2026,Zaterdag,Valentines wod: Helen loves Diane | buddy wod | divide as you want | 400m run (together) | 126 USA kb swings 24/16kg | 90 hspu | 400m run (together) | 90 deadlifts 100/70kg | 72 pull ups | 400m run (together) | timecap 30min,"ğŸ”¥ **Focus:** Houd je snelheid tijdens de runs consistent en zorg voor een goede ademhaling.   ğŸ’¡ **Strategie:** Verdeel de swings en deadlifts in haalbare sets, bijvoorbeeld 10 of 15 per keer.   ğŸ©¹ **Tip:** Voor de HSPU, gebruik een strakke core en zorg voor een goede positie van je hoofd tussen je handen.  "
14-02-2026,Zaterdag,Valentines wod: Helen loves Diane | buddy wod | divide as you want | 400m run (together) | 126 USA kb swings 24/16kg | 90 hspu | 400m run (together) | 90 deadlifts 100/70kg | 72 pull ups | 400m run (together) | timecap 30min,ğŸ”¥ **Focus:** Zorg ervoor dat je de kettlebell swings krachtig en gecontroleerd uitvoert.   ğŸ’¡ **Strategie:** Verdeel de HSPU's en deadlifts in haalbare sets om te voorkomen dat je naar het einde toe moet inhalen.   ğŸ©¹ **Tip:** Houd je core strak tijdens de deadlifts en focus op een stabiele ademhaling tijdens de pull-ups.
14-02-2026,Zaterdag,Valentines wod: Helen loves Diane | buddy wod | divide as you want | 400m run (together) | 126 USA kb swings 24/16kg | 90 hspu | 400m run (together) | 90 deadlifts 100/70kg | 72 pull ups | 400m run (together) | timecap 30min,ğŸ”¥ **Focus:** Zorg ervoor dat je de runs samen uitvoert om te optimaliseren op uithoudingsvermogen.   ğŸ’¡ **Strategie:** Deel de vaardigheden zoals HSPU en pull-ups in kleinere sets om voorrang te geven aan kwaliteit.   ğŸ©¹ **Tip:** Houd je core actief tijdens de deadlifts en swing voor een betere techniek en ademhaling.
14-02-2026,Zaterdag,Valentines wod: Helen loves Diane | buddy wod | divide as you want | 400m run (together) | 126 USA kb swings 24/16kg | 90 hspu | 400m run (together) | 90 deadlifts 100/70kg | 72 pull ups | 400m run (together) | timecap 30min,"ğŸ”¥ **Focus:** Zorg ervoor dat je goed afgestemd blijft met je buddy tijdens het uitvoeren van de running delen, zodat jullie samen optimaal kunnen presteren.   ğŸ’¡ **Strategie:** Verdeel de overige oefeningen gelijkmatig en kies een aantal herhalingen dat voor jullie beide haalbaar en uitdagend is, zodat je niet te veel verliest op de tijd.   ğŸ©¹ **Tip:** Vergeet niet om je core goed aan te spannen tijdens de HSPUâ€™s en deadlifts om blessures te voorkomen en je kracht te maximaliseren."
14-02-2026,Zaterdag,Valentines wod: Helen loves Diane | buddy wod | divide as you want | 400m run (together) | 126 USA kb swings 24/16kg | 90 hspu | 400m run (together) | 90 deadlifts 100/70kg | 72 pull ups | 400m run (together) | timecap 30min,"ğŸ”¥ **Focus:** Zorg ervoor dat je als team goed samenwerkt en elkaar ondersteunt tijdens de WOD.   ğŸ’¡ **Strategie:** Verdeel de reps van de USA kettlebell swings, HSPU, deadlifts en pull-ups gelijkmatig en houd een steady tempo aan om fatique te voorkomen.   ğŸ©¹ **Tip:** Vergeet niet om tijdens de runs aan elkaar te blijven, zodat je energie kunt sparen en elkaar kunt motiveren!"
14-02-2026,Zaterdag,Valentines wod: Helen loves Diane | buddy wod | divide as you want | 400m run (together) | 126 USA kb swings 24/16kg | 90 hspu | 400m run (together) | 90 deadlifts 100/70kg | 72 pull ups | 400m run (together) | timecap 30min,"ğŸ”¥ **Focus:** Blijf consistent en werk goed samen met je buddy tijdens de runs en de oefeningen.   ğŸ’¡ **Strategie:** Verdeeld de reps van de swings, hspu's, deadlifts en pull-ups zodat je niet moe wordt en elkaar kunt aanmoedigen.   ğŸ©¹ **Tip:** Zorg ervoor dat je techniek op de deadlifts en hspu's goed is, dit voorkomt blessures en maakt de oefeningen effectiever."
14-02-2026,Zaterdag,Valentines wod: Helen loves Diane | buddy wod | divide as you want | 400m run (together) | 126 USA kb swings 24/16kg | 90 hspu | 400m run (together) | 90 deadlifts 100/70kg | 72 pull ups | 400m run (together) | timecap 30min,"ğŸ”¥ **Focus:** Zorg ervoor dat je je energieniveau goed verdeelt over de hele workout, vooral tijdens de runs.    ğŸ’¡ **Strategie:** Begin met de eerste run in een gematigd tempo, zodat je fris aan de kettlebell swings en handstand push-ups kunt beginnen.    ğŸ©¹ **Tip:** Maak gebruik van de buddy-systeem door elkaar aan te moedigen en eventueel in sets de oefeningen te splitsen, vooral bij de pull-ups en deadlifts."
14-02-2026,Zaterdag,Valentines wod: Helen loves Diane | buddy wod | divide as you want | 400m run (together) | 126 USA kb swings 24/16kg | 90 hspu | 400m run (together) | 90 deadlifts 100/70kg | 72 pull ups | 400m run (together) | timecap 30min,ğŸ”¥ **Focus:** Blijf gefocust op je ademhaling tijdens de runs en de zware liften.     ğŸ’¡ **Strategie:** Verdeeld de reps en kijk naar je energieniveau; neem korte rustpauzes indien nodig om volledige af te maken.    ğŸ©¹ **Tip:** Gebruik een partner om elkaar aan te moedigen tijdens de HSPU en pull-ups; samenwerking kan de motivatie verhogen!
14-02-2026,Zaterdag,Valentines wod: Helen loves Diane | buddy wod | divide as you want | 400m run (together) | 126 USA kb swings 24/16kg | 90 hspu | 400m run (together) | 90 deadlifts 100/70kg | 72 pull ups | 400m run (together) | timecap 30min,"ğŸ”¥ **Focus:** Zorg ervoor dat je de bewegingen met een goede techniek uitvoert, vooral bij de kettlebell swings en deadlifts, om blessures te voorkomen.  ğŸ’¡ **Strategie:** Verdeel de oefeningen met je buddy op een manier die jullie beiden uitdaagt, maar niet uitput. Bijvoorbeeld, hou de kettlebell swings en deadlifts in kleinere sets om de vermoeidheid te beheersen.  ğŸ©¹ **Tip:** Maak gebruik van de runs om je hartslag omlaag te brengen en goed te recupereren voor de volgende set. Probeer te ontspannen en je ademhaling onder controle te houden."
14-02-2026,Zaterdag,Valentines wod: Helen loves Diane | buddy wod | divide as you want | 400m run (together) | 126 USA kb swings 24/16kg | 90 hspu | 400m run (together) | 90 deadlifts 100/70kg | 72 pull ups | 400m run (together) | timecap 30min,"ğŸ”¥ **Focus:** Zorg ervoor dat je goed samenwerkt met je buddy om de runs en het tempo van de oefeningen te optimaliseren.   ğŸ’¡ **Strategie:** Verdeel de reps voor de kettlebell swings, handstand push-ups, deadlifts, en pull-ups in haalbare sets zodat je niet oververmoeid raakt.   ğŸ©¹ **Tip:** Gebruik een goede techniek, vooral bij de deadlifts en handstand push-ups, om blessures te voorkomen en efficiÃ«nt te blijven bewegen."
14-02-2026,Zaterdag,Valentines wod: Helen loves Diane | buddy wod | divide as you want | 400m run (together) | 126 USA kb swings 24/16kg | 90 hspu | 400m run (together) | 90 deadlifts 100/70kg | 72 pull ups | 400m run (together) | timecap 30min,"ğŸ”¥ **Focus:** Zorg ervoor dat je goed samenwerkt met je buddy om elkaar gemotiveerd te houden tijdens de hele WOD.   ğŸ’¡ **Strategie:** Deel de herhalingen van de kettlebell swings, handstand push-ups, deadlifts en pull-ups op een manier die voor jullie beiden haalbaar aanvoelt.   ğŸ©¹ **Tip:** Gebruik de 400m runs om goed op adem te komen en elkaar aan te moedigen, dit kan een goede manier zijn om energie te sparen voor de zwaardere onderdelen van de workout."
15-02-2026,Zondag,Fran has a date with Elizabeth | 45 thrusters 42.5/30kg | 45 squat cleans 60/42.5kg | 45 pull ups | 45 ring dips | timecap 20min,"ğŸ”¥ **Focus:** Concentreer je op een goede techniek en ademhaling bij elke beweging om je kracht te maximaliseren.   ğŸ’¡ **Strategie:** Verdeel de herhalingen in haalbare sets, bijvoorbeeld 15-10-20 voor de thrusters en squat cleans, om vermoeidheid te verminderen.   ğŸ©¹ **Tip:** Houd je spullen dichtbij, zodat je snel kunt wisselen tussen de oefeningen en je kostbare tijd bespaart."
15-02-2026,Zondag,Fran has a date with Elizabeth | 45 thrusters 42.5/30kg | 45 squat cleans 60/42.5kg | 45 pull ups | 45 ring dips | timecap 20min,"ğŸ”¥ **Focus:** Zorg voor een goede techniek tijdens de thrusters en squat cleans, zodat je blessures voorkomt en efficiÃ«nt blijft bewegen.   ğŸ’¡ **Strategie:** Verdeel de pull-ups en ring dips in kleine sets om te voorkomen dat je oververmoeid raakt en je met een goede vorm blijft werken.   ğŸ©¹ **Tip:** Neem korte, actieve pauzes tussen de oefeningen zodat je fris blijft en de tijd goed kunt benutten binnen de timecap."
15-02-2026,Zondag,Fran has a date with Elizabeth | 45 thrusters 42.5/30kg | 45 squat cleans 60/42.5kg | 45 pull ups | 45 ring dips | timecap 20min,"ğŸ”¥ **Focus:** Zorg ervoor dat je je techniek beheerst bij elke beweging om blessures te voorkomen en efficiÃ«nter te werken.   ğŸ’¡ **Strategie:** Verdeel de herhalingen in kleinere sets met rustpauzes, vooral bij de pull-ups en ring dips, om je uithoudingsvermogen te behouden.   ğŸ©¹ **Tip:** Blijf hydrateren tijdens de workout en voer een goede warming-up uit om je spieren voor te bereiden op de intensiteit."
15-02-2026,Zondag,Fran has a date with Elizabeth | 45 thrusters 42.5/30kg | 45 squat cleans 60/42.5kg | 45 pull ups | 45 ring dips | timecap 20min,"ğŸ”¥ **Focus:** Zorg voor een goede techniek bij elke beweging om blessures te voorkomen en je efficiÃ«ntie te maximaliseren.   ğŸ’¡ **Strategie:** Verdeel je reps in haalbare sets, bijvoorbeeld 9-9-9 voor thrusters en squat cleans, zodat je niet oververmoeid raakt.   ğŸ©¹ **Tip:** Gebruik de 'kipping' techniek bij pull-ups en ring dips om energie te besparen en je tempo te verbeteren."
15-02-2026,Zondag,Fran has a date with Elizabeth | 45 thrusters 42.5/30kg | 45 squat cleans 60/42.5kg | 45 pull ups | 45 ring dips | timecap 20min,"ğŸ”¥ **Focus:** Zorg ervoor dat je techniek op orde is, vooral bij de thrusters en squat cleans, om blessures te voorkomen.   ğŸ’¡ **Strategie:** Verdeeld de herhalingen in kleinere sets, zoals 15-12-10, om je spieren en uithoudingsvermogen te sparen.   ğŸ©¹ **Tip:** Neem korte pauzes tussen de sets, maar blijf in beweging om je hartslag op peil te houden en meteen weer aan de slag te gaan."
15-02-2026,Zondag,Fran has a date with Elizabeth | 45 thrusters 42.5/30kg | 45 squat cleans 60/42.5kg | 45 pull ups | 45 ring dips | timecap 20min,"ğŸ”¥ **Focus:** Zorg ervoor dat je techniek op de thrusters en squat cleans solide is om blessures te voorkomen en efficiÃ«nt te blijven bewegen.   ğŸ’¡ **Strategie:** Werk in sets van 5 of 10 om de belasting te verdelen en voldoende rust te nemen tussen de sets, vooral bij de pull ups en ring dips.   ğŸ©¹ **Tip:** Blijf tijdens de hele WOD goed ademen; dit helpt je om je energie te behouden en je focus te blijven houden."
15-02-2026,Zondag,Fran has a date with Elizabeth | 45 thrusters 42.5/30kg | 45 squat cleans 60/42.5kg | 45 pull ups | 45 ring dips | timecap 20min,"ğŸ”¥ **Focus:** Zorg ervoor dat je techniek op orde is, vooral bij de thrusters en squat cleans, zodat je blessures voorkomt en efficiÃ«nt kan bewegen.   ğŸ’¡ **Strategie:** Verdeel je sets in kleinere stukjes, denk aan sets van 5 of 10, om een goede pacing te behouden en vermoeidheid te minimaliseren.   ğŸ©¹ **Tip:** Neem tijdens de workout een paar seconden extra rust tussen de oefeningen door; dit helpt je om de volgende beweging met meer kracht en precisie uit te voeren.  "
15-02-2026,Zondag,Fran has a date with Elizabeth | 45 thrusters 42.5/30kg | 45 squat cleans 60/42.5kg | 45 pull ups | 45 ring dips | timecap 20min,"ğŸ”¥ **Focus:** Zorg ervoor dat je je techniek behoudt, vooral bij de thrusters en squat cleans, om blessures te voorkomen.   ğŸ’¡ **Strategie:** Verdeel de herhalingen in kleinere sets om je energie beter te managen, vooral bij de pull-ups en ring dips.   ğŸ©¹ **Tip:** Gebruik springschoenen of grip in je handschoenen voor extra steun tijdens de pull-ups en ring dips."
15-02-2026,Zondag,Fran has a date with Elizabeth | 45 thrusters 42.5/30kg | 45 squat cleans 60/42.5kg | 45 pull ups | 45 ring dips | timecap 20min,"ğŸ”¥ **Focus:** Zorg ervoor dat je een goede techniek behoudt tijdens de thrusters en squat cleans om blessures te voorkomen.   ğŸ’¡ **Strategie:** Begin met een gematigd tempo om de eerste twee oefeningen af te handelen, zodat je energie overhoudt voor de pull-ups en ring dips.   ğŸ©¹ **Tip:** Gebruik een kippende beweging voor de pull-ups en houd je schouders laag tijdens de ring dips om efficiÃ«ntie te maximaliseren."
15-02-2026,Zondag,Fran has a date with Elizabeth | 45 thrusters 42.5/30kg | 45 squat cleans 60/42.5kg | 45 pull ups | 45 ring dips | timecap 20min,"ğŸ”¥ **Focus:** Zorg ervoor dat je de juiste vorm behoudt, vooral bij de thrusters en squat cleans, om blessures te voorkomen.   ğŸ’¡ **Strategie:** Verdeel de herhalingen in beheersbare sets en neem korte pauzes om je tempo te behouden.   ğŸ©¹ **Tip:** Gebruik een kipping techniek bij de pull-ups en ring dips om efficienter te bewegen en je uithoudingsvermogen te sparen."
15-02-2026,Zondag,Fran has a date with Elizabeth | 45 thrusters 42.5/30kg | 45 squat cleans 60/42.5kg | 45 pull ups | 45 ring dips | timecap 20min,"ğŸ”¥ **Focus:** Zorg ervoor dat je je techniek behoudt bij elke oefening, vooral tijdens de thrusters en squat cleans.   ğŸ’¡ **Strategie:** Breek de sets op in kleinere chunkjes, bijvoorbeeld 15-10-20, om jezelf niet te overweldigen.   ğŸ©¹ **Tip:** Gebruik een band of help jezelf bij de pull-ups en ring dips, indien nodig, om energie te besparen en je herhalingen vol te houden."
15-02-2026,Zondag,Fran has a date with Elizabeth | 45 thrusters 42.5/30kg | 45 squat cleans 60/42.5kg | 45 pull ups | 45 ring dips | timecap 20min,"ğŸ”¥ **Focus:** Focus op het behouden van goede vorm gedurende de hele WOD om blessures te voorkomen.   ğŸ’¡ **Strategie:** Verdeeld de herhalingen in kleinere sets, bijvoorbeeld 15-12-10, om je explosiviteit en uithoudingsvermogen te behouden.   ğŸ©¹ **Tip:** Kies een voor jou haalbaar tempo bij de pull-ups en ring dips; gebruik eventueel een band voor ondersteuning als dat nodig is."
15-02-2026,Zondag,Fran has a date with Elizabeth | 45 thrusters 42.5/30kg | 45 squat cleans 60/42.5kg | 45 pull ups | 45 ring dips | timecap 20min,"ğŸ”¥ **Focus:** Zorg ervoor dat je techniek op orde is, vooral bij de thrusters en squat cleans, om blessures te voorkomen en efficiÃ«nt te blijven werken.   ğŸ’¡ **Strategie:** Deel de herhalingen op in haalbare sets; bijvoorbeeld 15-10-10 voor de thrusters en squat cleans, en gebruik de kipping techniek bij de pull-ups om energie te besparen.   ğŸ©¹ **Tip:** Neem korte adempauzes tussen de sets om je hartslag te beheersen, maar wees gefocust op de voortgang, zodat je binnen de tijdcap blijft."
15-02-2026,Zondag,Fran has a date with Elizabeth | 45 thrusters 42.5/30kg | 45 squat cleans 60/42.5kg | 45 pull ups | 45 ring dips | timecap 20min,"ğŸ”¥ **Focus:** Zorg ervoor dat je elke beweging met de juiste techniek uitvoert om blessures te voorkomen en je efficiÃ«ntie te maximaliseren.   ğŸ’¡ **Strategie:** Split de bewegingen op in haalbare sets met rustpauzes, zodat je niet in Ã©Ã©n keer alles uitput.   ğŸ©¹ **Tip:** Blijf tijdens de pull-ups en ring dips concentreren op je ademhaling en core activatie om je stabiliteit te behouden.  "
15-02-2026,Zondag,Fran has a date with Elizabeth | 45 thrusters 42.5/30kg | 45 squat cleans 60/42.5kg | 45 pull ups | 45 ring dips | timecap 20min,ğŸ”¥ **Focus:** Zorg ervoor dat je de juiste techniek gebruikt bij de thrusters en squat cleans om blessures te voorkomen.   ğŸ’¡ **Strategie:** Verdeel de herhalingen in kleine sets en neem korte pauzes om je kracht en uithoudingsvermogen te behouden.   ğŸ©¹ **Tip:** Gebruik een kipping techniek voor de pull-ups en ring dips om efficiÃ«nter te bewegen en energie te besparen.
15-02-2026,Zondag,Fran has a date with Elizabeth | 45 thrusters 42.5/30kg | 45 squat cleans 60/42.5kg | 45 pull ups | 45 ring dips | timecap 20min,"ğŸ”¥ **Focus:** Zorg ervoor dat je blijft ademen en je techniek goed behoudt, vooral bij de thrusters en squat cleans.   ğŸ’¡ **Strategie:** Verdeel de repetities in kleinere sets om vermoeidheid te voorkomen en je kracht tot het eind te behouden.   ğŸ©¹ **Tip:** Gebruik een kipping techniek voor de pull-ups en ring dips om energie te besparen en sneller te bewegen."
15-02-2026,Zondag,Fran has a date with Elizabeth | 45 thrusters 42.5/30kg | 45 squat cleans 60/42.5kg | 45 pull ups | 45 ring dips | timecap 20min,"ğŸ”¥ **Focus:** Zorg ervoor dat je techniek bij de thrusters en squat cleans on point is om blessures te voorkomen.   ğŸ’¡ **Strategie:** Verdeel je herhalingen in kleine sets, bijvoorbeeld 5 of 10, om de intensiteit onder controle te houden en je uithoudingsvermogen te maximaliseren.   ğŸ©¹ **Tip:** Gebruik een sterkte grip en een goede kipping techniek bij de pull-ups en ring dips om de vermoeidheid te verminderen en efficiÃ«ntie te verbeteren."
16-02-2026,Maandag,amrap 16min | 5 strict pull ups | 10 push ups | 15 airsquats | 30 double unders,"ğŸ”¥ **Focus:** Zorg ervoor dat je de bewegingen met goede techniek uitvoert om blessures te voorkomen en efficiÃ«nt te blijven.   ğŸ’¡ **Strategie:** Begin met je kracht in de strict pull ups, zodat je niet te vermoeid raakt voor de volgende oefeningen.   ğŸ©¹ **Tip:** Breek de push ups en double unders op in haalbare sets als je merkt dat je techniek begint te lijden; zo behoud je je snelheid gedurende de 16 minuten."
16-02-2026,Maandag,amrap 16min | 5 strict pull ups | 10 push ups | 15 airsquats | 30 double unders,"ğŸ”¥ **Focus:** Zorg ervoor dat je bij elke herhaling de juiste techniek behoudt, vooral bij de strict pull ups en push ups.   ğŸ’¡ **Strategie:** Verdeel je sets als dat nodig is, bijvoorbeeld 3-2 voor de pull ups en 5-5 voor de push ups, om vermoeidheid te voorkomen.   ğŸ©¹ **Tip:** Houd een steady tempo aan met de double unders; probeer je sprongetjes consistent te houden en gebruik je polsen voor de rotatie."
16-02-2026,Maandag,amrap 16min | 5 strict pull ups | 10 push ups | 15 airsquats | 30 double unders,ğŸ”¥ **Focus:** Zorg voor een goede vorm bij elke oefening om blessures te voorkomen en efficiÃ«ntie te maximaliseren.   ğŸ’¡ **Strategie:** Begin met een rustig tempo en bouw je snelheid op; dit helpt je om de langere tijdsduur vol te houden.   ğŸ©¹ **Tip:** Gebruik een dubbel onderbroken ritme bij de double unders om ze minder vermoeiend te maken en je vertrouwen te vergroten.
16-02-2026,Maandag,amrap 16min | 5 strict pull ups | 10 push ups | 15 airsquats | 30 double unders,"ğŸ”¥ **Focus:** Houd je vorm goed in de pull-ups en push-ups om blessures te voorkomen.   ğŸ’¡ **Strategie:** Verdeeld de reps over sets als je merkt dat je moe wordt; bijvoorbeeld 2-3 sets voor de pull-ups en push-ups.   ğŸ©¹ **Tip:** Voor de double unders, gebruik een lichte bounce en focus op een constante polsbeweging om je tempo te behouden."
16-02-2026,Maandag,amrap 16min | 5 strict pull ups | 10 push ups | 15 airsquats | 30 double unders,"ğŸ”¥ **Focus:** Zorg ervoor dat je bij elke beweging de juiste techniek toepast voor maximale efficiÃ«ntie en veiligheid.   ğŸ’¡ **Strategie:** Begin met een rustig tempo om je kracht en uithoudingsvermogen te behouden voor de hele 16 minuten.   ğŸ©¹ **Tip:** Gebruik een springtouw dat goed bij je lengte past voor de double unders, en zoek een ritme dat je kunt volhouden."
16-02-2026,Maandag,amrap 16min | 5 strict pull ups | 10 push ups | 15 airsquats | 30 double unders,"ğŸ”¥ **Focus:** Concentratie op je techniek is cruciaal, vooral bij de strict pull ups en push ups.   ğŸ’¡ **Strategie:** Verdeel je energie goed; begin met een stevig tempo, maar hou kracht over voor de double unders.   ğŸ©¹ **Tip:** Zorg ervoor dat je bij de push ups je schouderbladen goed activeert en je kern aangespannen houdt voor een efficiÃ«ntere beweging."
16-02-2026,Maandag,amrap 16min | 5 strict pull ups | 10 push ups | 15 airsquats | 30 double unders,"ğŸ”¥ **Focus:** Zorg ervoor dat je de juiste techniek gebruikt bij elke beweging om blessures te voorkomen en je efficiÃ«ntie te maximaliseren.   ğŸ’¡ **Strategie:** Begin met een rustig tempo en bouw geleidelijk je snelheid op, vooral tijdens de double unders, zodat je niet in een vroeg stadium vermoeid raakt.   ğŸ©¹ **Tip:** Gebruik een band of ondersteunende techniek voor de strict pull ups als dat nodig is om je vorm te behouden en het meeste uit de workout te halen."
16-02-2026,Maandag,amrap 16min | 5 strict pull ups | 10 push ups | 15 airsquats | 30 double unders,ğŸ”¥ **Focus:** Zorg ervoor dat je techniek bij de strict pull-ups en push-ups optimaal is om effectief te kunnen werken.   ğŸ’¡ **Strategie:** Verdeel je energie over de 16 minuten door in een comfortabel tempo te beginnen en je tijdens de WOD aan te passen waar nodig.   ğŸ©¹ **Tip:** Gebruik rustpauzes tussen de oefeningen om je hartslag iets te verlagen en je voor te bereiden op de volgende ronde.
16-02-2026,Maandag,amrap 16min | 5 strict pull ups | 10 push ups | 15 airsquats | 30 double unders,"ğŸ”¥ **Focus:** Zorg ervoor dat je je techniek prioriteit geeft bij de pull-ups en push-ups voor een efficiÃ«nte uitvoering.   ğŸ’¡ **Strategie:** Verdeel je energie goed over de 16 minuten; start rustig en verhoog je tempo naarmate je verder komt.   ğŸ©¹ **Tip:** Gebruik een touw voor ondersteuning bij de double unders als je moe begint te worden, zodat je je ritme kunt behouden.  "
17-02-2026,Dinsdag,21-15-9 | toes to bar | deadlifts 100/70kg | cal row | timecap 12min,ğŸ”¥ **Focus:** Zorg ervoor dat je je core goed activeert tijdens de toes to bar voor een efficiÃ«nte beweging.   ğŸ’¡ **Strategie:** Begin met een steady tempo en probeer de deadlifts in sets van 3 tot 5 te doen om je grip en kracht goed te beheren.   ğŸ©¹ **Tip:** Gebruik je benen bij de calorieÃ«n op de roeimachine en streef naar een constante slagfrequentie om energie te besparen voor de laatste rounds.  
17-02-2026,Dinsdag,21-15-9 | toes to bar | deadlifts 100/70kg | cal row | timecap 12min,ğŸ”¥ **Focus:** Zorg ervoor dat je je core goed activeert tijdens de toes to bar om efficiÃ«nter te bewegen.   ğŸ’¡ **Strategie:** Verdeel je deadlifts in korte sets om vermoeidheid te verminderen; bijvoorbeeld 7-8-6 bij de 21-15-9 reeks.   ğŸ©¹ **Tip:** Gebruik de cal row als herstelmoment; focus op een goede techniek en ademhaling tijdens de rit.
17-02-2026,Dinsdag,21-15-9 | toes to bar | deadlifts 100/70kg | cal row | timecap 12min,"ğŸ”¥ **Focus:** Zorg ervoor dat je je core aanspant tijdens de toes to bar om je techniek te optimaliseren.   ğŸ’¡ **Strategie:** Deel je deadlifts in sets van 5 of 7, zodat je niet te snel verzadigd raakt en je energie behoudt.   ğŸ©¹ **Tip:** Gebruik de cal row als actieve rust; focus op een gelijkmatig tempo om je hartslag te reguleren en herstel te bevorderen.  "
17-02-2026,Dinsdag,21-15-9 | toes to bar | deadlifts 100/70kg | cal row | timecap 12min,"ğŸ”¥ **Focus:** Zorg ervoor dat je techniek op de deadlifts goed blijft, vooral naarmate je moe wordt.   ğŸ’¡ **Strategie:** Verdeel je sets in behapbare chunks, bijvoorbeeld 7-7-7 of 5-5-5 voor de toes to bar en gebruik actieve rust tussen de oefeningen.   ğŸ©¹ **Tip:** Blijf tijdens het roeien een constante tempo aanhouden en let op je ademhaling om je hartslag onder controle te houden."
17-02-2026,Dinsdag,21-15-9 | toes to bar | deadlifts 100/70kg | cal row | timecap 12min,ğŸ”¥ **Focus:** Zorg ervoor dat je bij elke herhaling van toes to bar je lichaam goed controleert voor een effectieve samenwerking van spieren.   ğŸ’¡ **Strategie:** Werk in rondes en plan je tempo goed; begin niet te snel om je energie te sparen voor de deadlifts en de cal row.   ğŸ©¹ **Tip:** Houd tijdens de deadlifts je rug recht en gebruik je benen om te tillen; zo voorkom je blessures en maak je gebruik van je kracht.
17-02-2026,Dinsdag,21-15-9 | toes to bar | deadlifts 100/70kg | cal row | timecap 12min,"ğŸ”¥ **Focus:** Zorg ervoor dat je techniek altijd prioriteit heeft, vooral bij de deadlifts, om blessures te voorkomen.   ğŸ’¡ **Strategie:** Splits de toes to bar en deadlifts op tijd op om je energieniveau te behouden; probeer bijvoorbeeld in sets van 5 of 3 te werken.   ğŸ©¹ **Tip:** Gebruik de calorieÃ«n op de roeimachine om je hartslag te verlagen en je volledige herstel tussen de andere bewegingen door te bevorderen."
17-02-2026,Dinsdag,21-15-9 | toes to bar | deadlifts 100/70kg | cal row | timecap 12min,"ğŸ”¥ **Focus:** Zorg ervoor dat je techniek bij de deadlifts scherp is, zelfs onder vermoeidheid.   ğŸ’¡ **Strategie:** Verdeel je toes to bar in kleinere sets als dat nodig is, zodat je elke set met goede vorm kunt uitvoeren.   ğŸ©¹ **Tip:** Begin je calorieÃ«n op de roeimachine met een steady tempo en verhoog dit als je je energiek voelt voor een sterke finish.  "
17-02-2026,Dinsdag,21-15-9 | toes to bar | deadlifts 100/70kg | cal row | timecap 12min,"ğŸ”¥ **Focus:** Zorg ervoor dat je techniek bij de deadlifts altijd goed blijft, zelfs als je moe wordt.   ğŸ’¡ **Strategie:** Verdeel je reps in kleinere sets om je grip en energie beter te beheersen.   ğŸ©¹ **Tip:** Blijf tijdens de calorieÃ«n op de roeier een constante snelheid aanhouden en vermijd te veel versnellen of vertragen."
17-02-2026,Dinsdag,21-15-9 | toes to bar | deadlifts 100/70kg | cal row | timecap 12min,"ğŸ”¥ **Focus:** Zorg ervoor dat je techniek bij de deadlifts altijd correct is om blessures te voorkomen.   ğŸ’¡ **Strategie:** Begin met de toes to bar en cal row in een ritme dat je kunt volhouden; maak gebruik van de rust tussen de sets.   ğŸ©¹ **Tip:** Als je de deadlifts vermoeiend vindt, overweeg dan om ze in kleinere sets te verdelen om je grip en kracht tot het einde te behouden.  "
18-02-2026,Woensdag,amrap 20min | 5m handstand walk (or 3 wallwalks) | 10 db clean and jerks 1x 22.5/15kg | 15 box jump overs,"ğŸ”¥ **Focus:** Zorg ervoor dat je techniek bij de handstand walk of wallwalks optimaal is, dit bespaart energie en voorkomt blessures.   ğŸ’¡ **Strategie:** Verdeel de db clean and jerks in sets van 5 zodat je tijdens de workout niet oververmoeid raakt.   ğŸ©¹ **Tip:** Bij de box jump overs, land zacht en gebruik je armen om je balans te houden, dit helpt je om sneller en efficiÃ«nter te springen."
18-02-2026,Woensdag,amrap 20min | 5m handstand walk (or 3 wallwalks) | 10 db clean and jerks 1x 22.5/15kg | 15 box jump overs,"ğŸ”¥ **Focus:** Concentreer je op een goede techniek tijdens de handstand walks of wallwalks om energie te besparen.   ğŸ’¡ **Strategie:** Probeer een steady pace aan te houden bij de DB clean and jerks, zodat je niet te snel moe wordt.   ğŸ©¹ **Tip:** Bij de box jump overs, maak gebruik van je armen om jezelf omhoog te duwen voor extra hoogte en snelheid."
18-02-2026,Woensdag,amrap 20min | 5m handstand walk (or 3 wallwalks) | 10 db clean and jerks 1x 22.5/15kg | 15 box jump overs,"ğŸ”¥ **Focus:** Concentreer je op een goede techniek bij elke beweging om blessures te voorkomen en je efficiÃ«ntie te verhogen.   ğŸ’¡ **Strategie:** Verdeel je kracht goed over de handstand walks of wallwalks, zodat je fris blijft voor de dumbbell clean and jerks en box jump overs.   ğŸ©¹ **Tip:** Gebruik kleine pauzes tussen de herhalingen om je ademhaling te stabiliseren en je focus te behouden."
18-02-2026,Woensdag,amrap 20min | 5m handstand walk (or 3 wallwalks) | 10 db clean and jerks 1x 22.5/15kg | 15 box jump overs,"ğŸ”¥ **Focus:** Zorg ervoor dat je tijdens de handstand walk of wallwalks je core goed aanspant voor stabiliteit.   ğŸ’¡ **Strategie:** Verdeel je kracht gelijkmatig tijdens de dumbbell clean and jerks zodat je niet te snel vermoeid raakt.   ğŸ©¹ **Tip:** Gebruik je armen effectief bij de box jump overs, hop en laat je knieÃ«n en hielen niet zakken voor een soepele landing."
18-02-2026,Woensdag,amrap 20min | 5m handstand walk (or 3 wallwalks) | 10 db clean and jerks 1x 22.5/15kg | 15 box jump overs,"ğŸ”¥ **Focus:** Zorg ervoor dat je je techniek behoudt bij de handstand walks of wallwalks, zodat je veilig en efficiÃ«nt kunt bewegen.   ğŸ’¡ **Strategie:** Verdeel je energie goed, begin met een vlotte maar controleerbare snelheid in de eerste ronde en verhoog deze indien mogelijk naarmate je verder in de workout komt.   ğŸ©¹ **Tip:** Neem korte ademhalingspauzes tussen de setjes, vooral na de box jump overs, zodat je jezelf kunt herstellen voor de volgende beweging."
18-02-2026,Woensdag,amrap 20min | 5m handstand walk (or 3 wallwalks) | 10 db clean and jerks 1x 22.5/15kg | 15 box jump overs,ğŸ”¥ **Focus:** Zorg voor een goede techniek bij de handstand walk of wallwalks om te voorkomen dat je energie verspilt.   ğŸ’¡ **Strategie:** Verdeel je energie slim; begin met een steady tempo en verhoog dit tijdens de tweede helft van de AMRAP.   ğŸ©¹ **Tip:** Maak gebruik van je voeten en gebruik je heupen bij de dumbbell clean and jerks voor een efficiÃ«ntere beweging.
18-02-2026,Woensdag,amrap 20min | 5m handstand walk (or 3 wallwalks) | 10 db clean and jerks 1x 22.5/15kg | 15 box jump overs,ğŸ”¥ **Focus:** Zorg ervoor dat je techniek bij de handstand walk of wallwalks op orde is om je energie te sparen.   ğŸ’¡ **Strategie:** Plan je ademhaling en neem korte pauzes tussen de sets van de dumbbell clean en jerks om je grip te behouden.   ğŸ©¹ **Tip:** Bij de box jump overs kun je beter laag springen en snel door beurten om de overgangsduur te minimaliseren.
19-02-2026,Donderdag,18 rounds | 30sec on/30sec off | rd 1. cleans | rd 2. snatches | rd 3. front squats | RX 60/45kg,"ğŸ”¥ **Focus:** Zorg ervoor dat je elke beweging met een goede techniek uitvoert om blessures te voorkomen en efficiÃ«nt te blijven.   ğŸ’¡ **Strategie:** Begin in een gecontroleerd tempo en verhoog je intensiteit geleidelijk naarmate je je comfortabeler voelt met de oefeningen.   ğŸ©¹ **Tip:** Gebruik de actieve rustperiodes om je ademhaling te reguleren en je spieren even te ontspannen, zodat je goed voorbereid bent voor de volgende ronde."
19-02-2026,Donderdag,18 rounds | 30sec on/30sec off | rd 1. cleans | rd 2. snatches | rd 3. front squats | RX 60/45kg,"ğŸ”¥ **Focus:** Houd je techniek scherp, vooral bij de complexe bewegingen zoals cleans en snatches.   ğŸ’¡ **Strategie:** Begin met een gewicht dat je comfortabel kunt beheersen, zodat je geen vorm verliest tijdens de 18 rondes.   ğŸ©¹ **Tip:** Gebruik de rustperiodes actief; schud je armen en benen los en focus op je ademhaling om optimaal voorbereid te zijn voor de volgende ronde."
19-02-2026,Donderdag,18 rounds | 30sec on/30sec off | rd 1. cleans | rd 2. snatches | rd 3. front squats | RX 60/45kg,"ğŸ”¥ **Focus:** Zorg ervoor dat je techniek on point blijft, vooral bij de cleans en snatches, om blessures te voorkomen.   ğŸ’¡ **Strategie:** Gebruik de 30 seconden rust effectief door goed te hydrateren en je hartslag te laten zakken voor de volgende ronde.   ğŸ©¹ **Tip:** Begin met een gewicht waarvoor je de bewegingen met controle kunt uitvoeren; als je goed voelt, kun je het gewicht gedurende de workout verhogen."
19-02-2026,Donderdag,18 rounds | 30sec on/30sec off | rd 1. cleans | rd 2. snatches | rd 3. front squats | RX 60/45kg,"ğŸ”¥ **Focus:** Zorg ervoor dat je elke beweging met goede techniek uitvoert om blessures te voorkomen en je energie efficiÃ«nt te gebruiken.   ğŸ’¡ **Strategie:** Begin met een iets lagere intensiteit en bouw deze geleidelijk op naarmate de rondes vorderen, zodat je de belasting over de 18 ronden kunt verdelen.   ğŸ©¹ **Tip:** Gebruik je rustperiodes om je ademhaling te herstellen en je spieren te ontspannen, zodat je weer fris aan de volgende ronde kunt beginnen."
19-02-2026,Donderdag,18 rounds | 30sec on/30sec off | rd 1. cleans | rd 2. snatches | rd 3. front squats | RX 60/45kg,"ğŸ”¥ **Focus:** Zorg ervoor dat je elke ronde met juiste techniek uitvoert, vooral bij de cleans en snatches.   ğŸ’¡ **Strategie:** Begin rustig en bouw je snelheid op naarmate je verder gaat; dit helpt je om aan het einde van de WOD nog kracht over te houden.   ğŸ©¹ **Tip:** Gebruik de rustperiodes om goed te ademen en je hartslag te verlagen, zodat je fris aan de volgende ronde kunt beginnen."
19-02-2026,Donderdag,18 rounds | 30sec on/30sec off | rd 1. cleans | rd 2. snatches | rd 3. front squats | RX 60/45kg,"ğŸ”¥ **Focus:** Houd je techniek scherp, vooral bij de cleans en snatches, zodat je efficiÃ«nt kunt blijven bewegen gedurende de WOD.   ğŸ’¡ **Strategie:** Gebruik de eerste paar rondes om je pacing te vinden; begin met een beheerst tempo en bouw op naarmate je verder komt.   ğŸ©¹ **Tip:** Blijf je core activeren tijdens de front squats, dit helpt bij je stabiliteit en voorkomt dat je laat verzakken."
19-02-2026,Donderdag,18 rounds | 30sec on/30sec off | rd 1. cleans | rd 2. snatches | rd 3. front squats | RX 60/45kg,"ğŸ”¥ **Focus:** Zorg ervoor dat je techniek altijd prioriteit heeft boven snelheid; dit voorkomt blessures en verbetert je prestaties.   ğŸ’¡ **Strategie:** Plan je energie goed door jezelf in de eerste ronden iets terug te houden, zodat je in de latere ronden nog kracht en explosiviteit hebt.   ğŸ©¹ **Tip:** Gebruik de rustperiodes om goed te ademen en je spieren te ontspannen, zodat je fris aan de volgende ronde begint."
19-02-2026,Donderdag,18 rounds | 30sec on/30sec off | rd 1. cleans | rd 2. snatches | rd 3. front squats | RX 60/45kg,"ğŸ”¥ **Focus:** Zorg ervoor dat je techniek in elke ronde consistent blijft, vooral bij de cleans en snatches.   ğŸ’¡ **Strategie:** Gebruik de 30 seconden rust om goed te ademen en je hartslag te verlagen, zodat je voor elke nieuwe ronde weer fris begint.   ğŸ©¹ **Tip:** Start met een iets lagere intensiteit en bouw op, zodat je de energie door de hele workout kunt verdelen."
19-02-2026,Donderdag,18 rounds | 30sec on/30sec off | rd 1. cleans | rd 2. snatches | rd 3. front squats | RX 60/45kg,"ğŸ”¥ **Focus:** Zorg ervoor dat je vorm altijd prioriteit heeft boven snelheid om blessures te voorkomen.   ğŸ’¡ **Strategie:** Plan je ademhalingen en schakel goed tussen de rondes om je energie gelijkmatig te verdelen.   ğŸ©¹ **Tip:** Blijf tijdens de rust goed bewegen en hydrateer jezelf, zodat je voorbereid bent voor de volgende ronde!"
19-02-2026,Donderdag,18 rounds | 30sec on/30sec off | rd 1. cleans | rd 2. snatches | rd 3. front squats | RX 60/45kg,ğŸ”¥ **Focus:** Zorg ervoor dat je techniek solide is bij elke beweging om blessures te voorkomen.   ğŸ’¡ **Strategie:** Gebruik de eerste ronden om je pacing te bepalen; behoud een consistent tempo en maak gebruik van de rustperiodes.   ğŸ©¹ **Tip:** Vergeet niet goed te ademen en hydrateer jezelf tussen de ronden door voor optimale prestaties.
20-02-2026,Vrijdag,amrap 15min | 5 chest to bar | 5m walking lunges | 5 v-ups | 5m walking lunges,"ğŸ”¥ **Focus:** Zorg ervoor dat je bij de chest to bar elke herhaling volledig afmaakt voor de juiste techniek en effectiviteit.   ğŸ’¡ **Strategie:** Verdeeld je energie goed, zodat je de walking lunges en v-ups met een constante snelheid kunt blijven uitvoeren zonder te veel uit te putten.   ğŸ©¹ **Tip:** Gebruik een controleerde ademhaling tijdens de v-ups om je core actief te houden en vermijd onnodige spanning in je nek."
20-02-2026,Vrijdag,amrap 15min | 5 chest to bar | 5m walking lunges | 5 v-ups | 5m walking lunges,"ğŸ”¥ **Focus:** Zorg ervoor dat je bij de chest to bar je volledige bewegingsbereik gebruikt voor maximale efficiÃ«ntie.   ğŸ’¡ **Strategie:** Plan je rustmomenten tussen de oefeningen slim, zodat je de intensiteit hoog houdt zonder jezelf te overbelasten.   ğŸ©¹ **Tip:** Houd bij de walking lunges je core actief en je borst omhoog voor een betere balans en houding.  "
20-02-2026,Vrijdag,amrap 15min | 5 chest to bar | 5m walking lunges | 5 v-ups | 5m walking lunges,"ğŸ”¥ **Focus:** Zorg ervoor dat je techniek scherp is bij de chest to bar, dit helpt je om de reps efficiÃ«nter te maken.   ğŸ’¡ **Strategie:** Neem korte, gecontroleerde pauzes tussen de oefeningen om je hartslag te beheersen en blessures te voorkomen.   ğŸ©¹ **Tip:** Blijf bij de walking lunges rechtop en kijk vooruit, dit helpt je balans en houding te verbeteren."
20-02-2026,Vrijdag,amrap 15min | 5 chest to bar | 5m walking lunges | 5 v-ups | 5m walking lunges,"ğŸ”¥ **Focus:** Zorg ervoor dat je je techniek behoudt bij de chest to bar, zodat je efficiÃ«nt en veilig beweegt.   ğŸ’¡ **Strategie:** Kijk naar je pacing; begin iets langzamer om je energie goed te verdelen over de 15 minuten.   ğŸ©¹ **Tip:** Gebruik de walking lunges als actieve herstelperiode; houd een consistent tempo aan en focus op je houding."
20-02-2026,Vrijdag,amrap 15min | 5 chest to bar | 5m walking lunges | 5 v-ups | 5m walking lunges,"ğŸ”¥ **Focus:** Zorg voor een strakke uitvoering bij de chest to bar, zodat je de maximale kracht benut.   ğŸ’¡ **Strategie:** Verdeel je energie goed over de 15 minuten; begin met een steady tempo en probeer dat vast te houden.   ğŸ©¹ **Tip:** Houd je core aangespannen tijdens de v-ups voor een betere stabiliteit en minder kans op blessures."
20-02-2026,Vrijdag,amrap 15min | 5 chest to bar | 5m walking lunges | 5 v-ups | 5m walking lunges,"ğŸ”¥ **Focus:** Zorg ervoor dat je de techniek van de chest to bar optimaliseert voor een effectieve en veilige uitvoering.   ğŸ’¡ **Strategie:** Verdeel je energie goed over de AMRAP; kom niet te snel in de verleiding om alles razendsnel te doen, maar vind een tempo dat je kunt volhouden.   ğŸ©¹ **Tip:** Gebruik de walking lunges als een kans om je core te activeren en je balans te houden; focus op een goede houding en controle."
20-02-2026,Vrijdag,amrap 15min | 5 chest to bar | 5m walking lunges | 5 v-ups | 5m walking lunges,"ğŸ”¥ **Focus:** Zorg ervoor dat je de chest to bar met een goede techniek doet, zodat je de volledige range of motion benut.   ğŸ’¡ **Strategie:** Gebruik een constant tempo bij de lunges en probeer ze in Ã©Ã©n vloeiende beweging uit te voeren om tijd te besparen.   ğŸ©¹ **Tip:** Blijf gefocust op je core tijdens de v-ups; dit helpt je om de beweging effectiever en efficiÃ«nter uit te voeren."
20-02-2026,Vrijdag,amrap 15min | 5 chest to bar | 5m walking lunges | 5 v-ups | 5m walking lunges,"ğŸ”¥ **Focus:** Zorg ervoor dat je in de chest to bar de volledige beweging maakt voor maximale kracht en techniek.   ğŸ’¡ **Strategie:** Verdeel je energie gelijkmatig, zodat je de walking lunges met een goede houding kunt uitvoeren zonder te verzuipen.   ğŸ©¹ **Tip:** Blijf tijdens de v-ups gefocust op je core, en probeer je voeten en schouders tegelijkertijd omhoog te brengen voor efficiÃ«ntie."
20-02-2026,Vrijdag,amrap 15min | 5 chest to bar | 5m walking lunges | 5 v-ups | 5m walking lunges,"ğŸ”¥ **Focus:** Zorg ervoor dat je techniek bij de chest to bar goed is, zodat je efficiÃ«nt en veilig kunt bewegen.   ğŸ’¡ **Strategie:** Verdeel je energie over de 15 minuten; je kunt bijvoorbeeld je tempo iets aanpassen bij de lunges om vermoeidheid te voorkomen.   ğŸ©¹ **Tip:** Neem een paar seconden om te herstellen tussen de bewegingen, vooral bij de v-ups, om je form en controle te behouden."
20-02-2026,Vrijdag,amrap 15min | 5 chest to bar | 5m walking lunges | 5 v-ups | 5m walking lunges,"ğŸ”¥ **Focus:** Zorg ervoor dat je je techniek bij de chest to bar solid houdt om blessures te voorkomen.   ğŸ’¡ **Strategie:** Wissel tussen snel en gecontroleerd werken, vooral bij de walking lunges; het zal je helpen om energie te besparen voor de v-ups.   ğŸ©¹ **Tip:** Maak gebruik van een steady ademhaling tijdens de v-ups om de spieren optimaal te laten functioneren en de beweging soepeler te laten verlopen."
20-02-2026,Vrijdag,amrap 15min | 5 chest to bar | 5m walking lunges | 5 v-ups | 5m walking lunges,"ğŸ”¥ **Focus:** Houd je techniek scherp bij de chest to bar; een goede beweging helpt je sneller door de reps.   ğŸ’¡ **Strategie:** Plan je pacing goed, vooral bij de lunges; zorg dat je in een vloeiende beweging blijft om vermoeidheid te minimaliseren.   ğŸ©¹ **Tip:** Gebruik de V-ups als een kans om je core krachtiger te maken; probeer ze rustig en gecontroleerd uit te voeren zonder te forceren."
21-02-2026,Zaterdag,3 rounds | 25 snatches 35/25kg | 400m run | timecap 14min,"ğŸ”¥ **Focus:** Zorg ervoor dat je met een goede vorm snatches uitvoert om blessures te voorkomen en je kracht te maximaliseren.   ğŸ’¡ **Strategie:** Verdeel je snatches in sets van 5 of 10, afhankelijk van je uithoudingsvermogen, en neem een korte pauze om je herstel te optimaliseren.   ğŸ©¹ **Tip:** Houd een steady pace tijdens het hardlopen, zodat je fris blijft voor de volgende ronde en je niet te veel energie verliest."
21-02-2026,Zaterdag,3 rounds | 25 snatches 35/25kg | 400m run | timecap 14min,"ğŸ”¥ **Focus:** Houd een goede techniek aan bij de snatches om blessures te voorkomen en efficiÃ«ntie te maximaliseren.   ğŸ’¡ **Strategie:** Verdeel je energie goed; probeer na elke 5 snatches een korte pauze te nemen om je spieren wat rust te geven.   ğŸ©¹ **Tip:** Zorg ervoor dat je na de run je ademhaling herstelt voordat je weer aan de snatches begint, zodat je met een frisse geest kunt starten."
21-02-2026,Zaterdag,3 rounds | 25 snatches 35/25kg | 400m run | timecap 14min,"ğŸ”¥ **Focus:** Zorg ervoor dat je techniek bij de snatches optimaal is, zodat je efficiÃ«nt kunt bewegen en blessures voorkomt.   ğŸ’¡ **Strategie:** Verdeel de snatches in kleinere sets, bijvoorbeeld 5 of 10 per keer, om vermoeidheid te beheersen en je kracht te behouden.   ğŸ©¹ **Tip:** Houd tijdens de run een constant tempo aan en probeer je ademhaling rustig te houden, zodat je bij elke overgang snel kunt schakelen."
21-02-2026,Zaterdag,3 rounds | 25 snatches 35/25kg | 400m run | timecap 14min,"ğŸ”¥ **Focus:** Zorg dat je techniek bij de snatches optimaal is, dit voorkomt blessures en maakt je sneller.   ğŸ’¡ **Strategie:** Verdeel de snatches in kleinere sets (bijvoorbeeld 5 of 10) om je grip en kracht te behouden voor de hele WOD.   ğŸ©¹ **Tip:** Gebruik de eerste run om je ademhaling te reguleren, zodat je fris aan de snatches begint."
21-02-2026,Zaterdag,3 rounds | 25 snatches 35/25kg | 400m run | timecap 14min,"ğŸ”¥ **Focus:** Zorg ervoor dat je techniek bij de snatches optimaal is om blessures te voorkomen en maximale efficiÃ«ntie te bereiken.   ğŸ’¡ **Strategie:** Begin met een rustig tempo op de eerste run, zodat je energie overhoudt voor de snatches in de volgende rondes.   ğŸ©¹ **Tip:** Verdeel de snatches in kleinere sets, bijvoorbeeld 5-10 reps per keer, zodat je je grip en kracht behoudt."
21-02-2026,Zaterdag,3 rounds | 25 snatches 35/25kg | 400m run | timecap 14min,ğŸ”¥ **Focus:** Richt je op een goede techniek bij de snatches om blessures te voorkomen en efficiÃ«ntie te maximaliseren.   ğŸ’¡ **Strategie:** Verdeel de snatches in kleinere sets (bijvoorbeeld 5 of 10) om je form op peil te houden en vermoeidheid te verminderen.   ğŸ©¹ **Tip:** Houd je ademhaling onder controle tijdens het rennen om je uithoudingsvermogen te verbeteren en sneller terug te zijn voor de volgende ronde.  
21-02-2026,Zaterdag,3 rounds | 25 snatches 35/25kg | 400m run | timecap 14min,ğŸ”¥ **Focus:** Zorg ervoor dat je techniek bij de snatches solide is om blessures te voorkomen en je snelheid te maximaliseren.   ğŸ’¡ **Strategie:** Verdeel de snatches in kleinere sets (bijv. 5 of 10) en neem kleine pauzes om je energieniveau op peil te houden.   ğŸ©¹ **Tip:** Begin elke run soepel en bouw je tempo op; een consistente pacing voorkomt dat je aan het einde van de WOD erdoorheen zakt.  
21-02-2026,Zaterdag,3 rounds | 25 snatches 35/25kg | 400m run | timecap 14min,"ğŸ”¥ **Focus:** Zorg ervoor dat je bij elke snatch een solide techniek behoudt om blessures te voorkomen en je energie efficiÃ«nt te gebruiken.   ğŸ’¡ **Strategie:** Begin met een stevig tempo tijdens de run, maar behoud je ademhaling zodat je fris terugkomt voor de snatches.   ğŸ©¹ **Tip:** Split de snatches in sets van 5 of 10 om de belasting te verminderen en de vorm te behouden door de hele workout."
21-02-2026,Zaterdag,3 rounds | 25 snatches 35/25kg | 400m run | timecap 14min,"ğŸ”¥ **Focus:** Zorg ervoor dat je techniek bij de snatches optimaal is, zodat je blessures voorkomt en efficiÃ«ntie verhoogt.   ğŸ’¡ **Strategie:** Deel de snatches op in kleinere sets (bijv. 5-10 per keer) om vermoeidheid te verminderen en je tempo tijdens de run te behouden.   ğŸ©¹ **Tip:** Blijf tijdens de run consistent en behoud een rustig, steady tempo, zodat je je kracht voor de volgende ronden conserveert."
21-02-2026,Zaterdag,3 rounds | 25 snatches 35/25kg | 400m run | timecap 14min,"ğŸ”¥ **Focus:** Zorg ervoor dat je techniek bij de snatches optimaal is, aangezien dit essentieel is voor snelheid en efficiÃ«ntie.   ğŸ’¡ **Strategie:** Verdeel de snatches in kleinere sets zodat je je kracht en uithoudingsvermogen beter kunt beheren tijdens de rondes.   ğŸ©¹ **Tip:** Blijf gedurende de hele workout hydrateren en controleer je ademhaling tijdens de runs om je tempo consistent te houden."
21-02-2026,Zaterdag,3 rounds | 25 snatches 35/25kg | 400m run | timecap 14min,"ğŸ”¥ **Focus:** Zorg ervoor dat je elke snatch met een goede techniek uitvoert om blessures te voorkomen en energie te besparen.   ğŸ’¡ **Strategie:** Verdeeld de snatches in sets (bijvoorbeeld 5 of 10) om jezelf niet te overweldigen en neem een korte pauze tussen de sets.   ğŸ©¹ **Tip:** Tijdens de 400m run, blijf ontspannen lopen en focus op je ademhaling om je hartslag onder controle te houden voor de volgende ronde."
21-02-2026,Zaterdag,3 rounds | 25 snatches 35/25kg | 400m run | timecap 14min,"ğŸ”¥ **Focus:** Zorg ervoor dat je techniek bij de snatches consistent blijft, zodat je energie bespaart tijdens de workout.   ğŸ’¡ **Strategie:** Verdeel de snatches in sets van 5 of 10 om vermoeidheid te voorkomen en sneller door de workout te gaan.   ğŸ©¹ **Tip:** Houd een goed tempo aan tijdens de run; ga niet te snel van start zodat je nog kracht overhoudt voor de snatches in de volgende ronde."
21-02-2026,Zaterdag,3 rounds | 25 snatches 35/25kg | 400m run | timecap 14min,"ğŸ”¥ **Focus:** Zorg ervoor dat je elke snatch met goede techniek uitvoert om blessures te voorkomen.   ğŸ’¡ **Strategie:** Probeer je loopsnelheid gedurende de runs constant en snel te houden, maar kies een tempo dat je ook na de snatches kunt aanhouden.   ğŸ©¹ **Tip:** Neem een korte pauze tussen de snatches als dat nodig is om je grip en kracht te behouden, in plaats van alles in Ã©Ã©n keer te willen doen."
21-02-2026,Zaterdag,3 rounds | 25 snatches 35/25kg | 400m run | timecap 14min,"ğŸ”¥ **Focus:** Zorg ervoor dat je techniek tijdens de snatches op orde is voor zowel snelheid als veiligheid.   ğŸ’¡ **Strategie:** Verdeel je snatches in sets van 5 tot 10 om te voorkomen dat je te veel vermoeid raakt en verlies van techniek.   ğŸ©¹ **Tip:** Kies een comfortabel tempo voor de 400m run; focus op ademen en herstel, zodat je weer fris aan de volgende ronde kunt beginnen."
21-02-2026,Zaterdag,3 rounds | 25 snatches 35/25kg | 400m run | timecap 14min,"ğŸ”¥ **Focus:** Houd het gewicht licht genoeg om de snatches snel en efficiÃ«nt uit te voeren.   ğŸ’¡ **Strategie:** Verdeel je snatches in sets van 5 of 10, zodat je niet te snel vermoeid raakt.   ğŸ©¹ **Tip:** Vergeet niet je ademhaling te controleren tijdens de run; dit helpt je om snel te herstellen voor de volgende ronde."
22-02-2026,Zondag,emom 40min | min 1: fat rope double unders | min 2: kb usa swings 24/16kg | min 3: sit-ups | min 4: rest,ğŸ”¥ **Focus:** Concentreer je op je techniek bij de fat rope double unders om frustratie te voorkomen.   ğŸ’¡ **Strategie:** Zorg ervoor dat je je intensiteit goed verdeeld over de EMOM om de belasting per minuut haalbaar te houden.   ğŸ©¹ **Tip:** Gebruik de rustperiode bewust om je ademhaling te reguleren en je voor te bereiden op de volgende minuut.  
22-02-2026,Zondag,emom 40min | min 1: fat rope double unders | min 2: kb usa swings 24/16kg | min 3: sit-ups | min 4: rest,ğŸ”¥ **Focus:** Zorg ervoor dat je bij de fat rope double unders een goede timing en techniek hebt om het aantal herhalingen te maximaliseren.   ğŸ’¡ **Strategie:** Gebruik de eerste 20 seconden van elke minuut om je herhalingen op te bouwen en bespaar je energie voor het laatste gedeelte van de minuut.   ğŸ©¹ **Tip:** Blijf rustig en gefocust tijdens de sit-ups; gebruik je core en ademhaling om efficiÃ«nt te blijven werken.
22-02-2026,Zondag,emom 40min | min 1: fat rope double unders | min 2: kb usa swings 24/16kg | min 3: sit-ups | min 4: rest,"ğŸ”¥ **Focus:** Zorg ervoor dat je elke minuut effectief benut om je techniek en uithoudingsvermogen te verbeteren.   ğŸ’¡ **Strategie:** Begin met een rustig tempo tijdens de fat rope double unders, zodat je niet te vroeg vermoeid raakt en voldoende energie hebt voor de andere oefeningen.   ğŸ©¹ **Tip:** Gebruik de rustminuten om je hartslag te laten dalen en goed te hydrateren; dit zal je helpen om bij elke nieuwe ronde fris te starten."
22-02-2026,Zondag,emom 40min | min 1: fat rope double unders | min 2: kb usa swings 24/16kg | min 3: sit-ups | min 4: rest,"ğŸ”¥ **Focus:** Zorg ervoor dat je bij elke beweging de juiste techniek behoudt om blessures te voorkomen en je efficiÃ«ntie te verhogen.   ğŸ’¡ **Strategie:** Plan je intensiteit goed, zodat je elke minuut kan volhouden en nog energie overhoudt voor de laatste minuten.   ğŸ©¹ **Tip:** Gebruik een lichte jump rope voor de fat rope double unders als je merkt dat je moeite hebt met de techniek, en focus op een soepel ritme."
22-02-2026,Zondag,emom 40min | min 1: fat rope double unders | min 2: kb usa swings 24/16kg | min 3: sit-ups | min 4: rest,"ğŸ”¥ **Focus:** Zorg ervoor dat je de fat rope double unders met een goede techniek uitvoert, zodat je efficiÃ«nt kunt blijven bewegen.  ğŸ’¡ **Strategie:** Gebruik de eerste twee minuten van de EMOM om je hartslag op te bouwen, maar ga niet te snel, zodat je de rest van de WOD kunt volhouden.  ğŸ©¹ **Tip:** Maak gebruik van de rustminute om goed te hydrateren en je spieren voor te bereiden op de volgende ronde."
22-02-2026,Zondag,emom 40min | min 1: fat rope double unders | min 2: kb usa swings 24/16kg | min 3: sit-ups | min 4: rest,"ğŸ”¥ **Focus:** Zorg ervoor dat je de juiste techniek gebruikt bij de fat rope double unders om blessures te voorkomen en je efficiÃ«ntie te verhogen.   ğŸ’¡ **Strategie:** Gebruik de eerste minuten van de EMOM om je ademhaling te reguleren en je hartslag onder controle te houden, zodat je gedurende het hele 40 minuten sterk blijft.   ğŸ©¹ **Tip:** Blijf in de laatste minuut van elke cyclus gefocust op je herstel, zodat je fris aan de volgende ronde kunt beginnen."
22-02-2026,Zondag,emom 40min | min 1: fat rope double unders | min 2: kb usa swings 24/16kg | min 3: sit-ups | min 4: rest,"ğŸ”¥ **Focus:** Zorg ervoor dat je technische uitvoering van elke oefening optimaal is, vooral bij de fat rope double unders en de kettlebell swings.   ğŸ’¡ **Strategie:** Plan je intensiteit zodat je energie behoudt voor de volledige 40 minuten; begin rustiger aan de eerste minuten als je dat nodig hebt.   ğŸ©¹ **Tip:** Gebruik de rustmomenten effectief en zorg ervoor dat je goed ademhaalt en hydrateert."
22-02-2026,Zondag,emom 40min | min 1: fat rope double unders | min 2: kb usa swings 24/16kg | min 3: sit-ups | min 4: rest,"ğŸ”¥ **Focus:** Zorg ervoor dat je vorm altijd prioriteit heeft, vooral bij de fat rope double unders en de kettlebell swings.   ğŸ’¡ **Strategie:** Gebruik de eerste minuten om je techniek te verfijnen en verhoog geleidelijk de snelheid naarmate je meer comfortabel wordt.   ğŸ©¹ **Tip:** Blijf gehydrateerd en maak gebruik van je rustminuten; adem diep in en uit om je hartslag te stabiliseren voor de volgende ronde."
22-02-2026,Zondag,emom 40min | min 1: fat rope double unders | min 2: kb usa swings 24/16kg | min 3: sit-ups | min 4: rest,ğŸ”¥ **Focus:** Houd je techniek scherp tijdens de fat rope double unders om frustratie te voorkomen en efficiÃ«nt te blijven.  ğŸ’¡ **Strategie:** Gebruik de eerste minuut voor een gecontroleerde opbouw in je tempo zodat je fris blijft voor de volgende rondes.  ğŸ©¹ **Tip:** Neem de tijd tijdens de sit-ups voor een goede rompactivatie en gebruik de rustminuten effectief om je hartslag te verlagen voor de volgende rondes.
22-02-2026,Zondag,emom 40min | min 1: fat rope double unders | min 2: kb usa swings 24/16kg | min 3: sit-ups | min 4: rest,"ğŸ”¥ **Focus:** Blijf gefocust op je ademhaling en techniek bij elke oefening voor optimale prestaties.   ğŸ’¡ **Strategie:** Plan je energiemanagement goed; zorg ervoor dat je bij de eerste drie minuten je snelheid niet te hoog legt, zodat je het tempo kunt volhouden.   ğŸ©¹ **Tip:** Neem tijdens de rustminuten de tijd om je hartslag te verlagen en mentaal voor te bereiden op de volgende ronde."
22-02-2026,Zondag,emom 40min | min 1: fat rope double unders | min 2: kb usa swings 24/16kg | min 3: sit-ups | min 4: rest,"ğŸ”¥ **Focus:** Zorg ervoor dat je techniek bij de fat rope double unders goed is, zodat je efficiÃ«nt en zonder vermoeidheid kunt springen.   ğŸ’¡ **Strategie:** Probeer in de eerste minuten van elke ronde een gecontroleerd tempo aan te houden om later in de EMOM een goede balans te behouden tussen inspanning en herstel.   ğŸ©¹ **Tip:** Gebruik de rustminuten effectief; adem diep in en uit en bereid je voor op de volgende rondes!"
22-02-2026,Zondag,emom 40min | min 1: fat rope double unders | min 2: kb usa swings 24/16kg | min 3: sit-ups | min 4: rest,"ğŸ”¥ **Focus:** Zorg ervoor dat je techniek bij de fat rope double unders zo scherp mogelijk is om blessures te voorkomen en efficiÃ«ntie te verhogen.   ğŸ’¡ **Strategie:** Stel je doelen per minuut; bijvoorbeeld, kies een haalbaar aantal voor de sit-ups en probeer dit in de eerste ronde te overtreffen.   ğŸ©¹ **Tip:** Gebruik de rustperiodes om goed te ademen en je hartslag te verlagen, zodat je fris aan de volgende minuut begint.  "
22-02-2026,Zondag,emom 40min | min 1: fat rope double unders | min 2: kb usa swings 24/16kg | min 3: sit-ups | min 4: rest,ğŸ”¥ **Focus:** Zorg ervoor dat je je techniek bij de fat rope double unders perfect hebt om efficiÃ«ntie te maximaliseren.   ğŸ’¡ **Strategie:** Kies een tempo voor de kettlebell swings dat je de capaciteit geeft om gedurende het hele EMOM consistent en controle te behouden.   ğŸ©¹ **Tip:** Gebruik de rustminuten effectief om te herstellen en je voor te bereiden op het volgende rondje; adem diep in en uit en controleer je hartslag.
22-02-2026,Zondag,emom 40min | min 1: fat rope double unders | min 2: kb usa swings 24/16kg | min 3: sit-ups | min 4: rest,"ğŸ”¥ **Focus:** Zorg ervoor dat je techniek bij de fat rope double unders scherp is, dat maakt het gemakkelijker om ze vol te houden.   ğŸ’¡ **Strategie:** Plan je intensiteit zo dat je in de eerste twee minuten genoeg energie overhoudt voor de sit-ups in minuut drie.   ğŸ©¹ **Tip:** Gebruik de rust in minuut vier om goed te hydrateren en je ademhaling weer onder controle te krijgen."
22-02-2026,Zondag,emom 40min | min 1: fat rope double unders | min 2: kb usa swings 24/16kg | min 3: sit-ups | min 4: rest,"ğŸ”¥ **Focus:** Zorg ervoor dat je elke minuut met goede techniek werkt, vooral bij de fat rope double unders en kettlebell swings.   ğŸ’¡ **Strategie:** Probeer je ritme te vinden en verdeel je inspanning gelijkmatig over de 40 minuten om vermoeidheid te voorkomen.   ğŸ©¹ **Tip:** Gebruik de rustminuten om goed te ademen en je hartslag te laten dalen, zodat je voorbereid bent voor de volgende ronde."
22-02-2026,Zondag,emom 40min | min 1: fat rope double unders | min 2: kb usa swings 24/16kg | min 3: sit-ups | min 4: rest,"ğŸ”¥ **Focus:** Zorg ervoor dat je je techniek behoudt bij de fat rope double unders om snel en efficiÃ«nt te blijven.   ğŸ’¡ **Strategie:** Gebruik de eerste paar minuten om een goed tempo te vinden voor de kettlebell swings, zodat je niet te snel verzuurt.   ğŸ©¹ **Tip:** Maak gebruik van je rust in minuut 4 om goed te hydrateren en je voor te bereiden op de volgende ronde!"
22-02-2026,Zondag,emom 40min | min 1: fat rope double unders | min 2: kb usa swings 24/16kg | min 3: sit-ups | min 4: rest,"ğŸ”¥ **Focus:** Zorg ervoor dat je tijdens de fat rope double unders jezelf goed positioneert, zodat je de touwen soepel en efficiÃ«nt kunt laten draaien.   ğŸ’¡ **Strategie:** Houd de intensiteit van de kettlebell USA swings onder controle, zodat je nauwkeurig de juiste techniek behoudt en blessures voorkomt.   ğŸ©¹ **Tip:** Gebruik de rustperiodes om goed te ademen en je hartslag te laten zakken, zodat je fris aan het volgende minuten begint."
22-02-2026,Zondag,emom 40min | min 1: fat rope double unders | min 2: kb usa swings 24/16kg | min 3: sit-ups | min 4: rest,"ğŸ”¥ **Focus:** Houd je techniek in de gaten tijdens de fat rope double unders om vermoeidheid te minimaliseren en efficiÃ«ntie te waarborgen.   ğŸ’¡ **Strategie:** Plan je ademhaling goed, vooral tijdens de kettlebell USA swings, zodat je energie overhoudt voor de sit-ups.   ğŸ©¹ **Tip:** Gebruik de rustminuut om je hartslag te laten zakken en je klaar te maken voor de volgende ronde, vermijd het slikken van te veel water in die tijd."
23-02-2026,Maandag,4 rounds | 2min work/2min rest | 10 burpee pull ups | max wallballs,"ğŸ”¥ **Focus:** Houd je techniek bij de burpee pull-ups solide, want dat voorkomt blessures en verhoogt je efficiÃ«ntie.   ğŸ’¡ **Strategie:** Begin sterk met de burpee pull-ups, maar behoud je energie voor de wallballs; probeer een constante snelheid aan te houden.   ğŸ©¹ **Tip:** Zorg ervoor dat je elke ronde goed hydrateert en gebruik de rustperiodes om je ademhaling te herstellen en je spieren te ontspannen."
